{"cameraMode":{"drawMode":0,"name":"Shaded","section":"Shading Mode"},"sceneLighting":true,"audioPlay":false,"sceneViewState":{"showFog":true,"showMaterialUpdate":false,"showSkybox":true,"showFlares":true,"showImageEffects":true,"showParticleSystems":true,"showVisualEffectGraphs":true,"m_FxEnabled":true},"in2DMode":false,"pivot":{"x":0.25605279207229617,"y":0.5493690967559815,"z":0.653130054473877},"rotation":{"x":-0.1568949967622757,"y":0.05685020238161087,"z":-0.009046588093042374,"w":-0.9859377145767212},"size":5.017190933227539,"orthographic":false}